<?xml version="1.0" encoding="UTF-8"?>
<Configuration status="info" monitorInterval="30">
    <Appenders>
        <RollingFile name="ROLLING-FILE" fileName="${sys:systemRuntime.logDir}/${sys:systemRuntime.projectName}.log"
                     filePattern="logs/${sys:systemRuntime.projectName}-%d{yyyy-MM-dd}.log">
            <PatternLayout>
                <pattern>[%-5level] %d{yyyy-MM-dd HH:mm:ss.SSS} [%t] %c{1} - %msg%n</pattern>
            </PatternLayout>
            <Policies>
                <TimeBasedTriggeringPolicy interval="1" modulate="true"/>
            </Policies>
        </RollingFile>

        <Console name="CONSOLE" target="SYSTEM_OUT">
            <PatternLayout pattern="%d %-5p [%t] %C{2} (%F:%L) - %m%n"/>
        </Console>

        <Async name="ASYNC">
            <AppenderRef ref="CONSOLE"/>
            <AppenderRef ref="ROLLING-FILE"/>
        </Async>
    </Appenders>
    <Loggers>
        <Root level="info">
            <AppenderRef ref="ASYNC"/>
        </Root>
    </Loggers>
</Configuration>
