<?xml version="1.0" encoding="UTF-8"?>
<groups xmlns="http://www.isdc.ro/wro">

    <group name="screen">
        <css>classpath:css/typography.css</css>
        <css>classpath:css/reset.css</css>
        <css>classpath:css/screen.css</css>
        <css>classpath:css/eddi.css</css>
    </group>

    <group name="print">
        <css>classpath:css/reset.css</css>
        <css>classpath:css/print.css</css>
        <css>classpath:css/eddi.css</css>
    </group>

    <group name="all">
        <js>classpath:js/object-assign-pollyfill.js</js>
        <group-ref>jquery</group-ref>
        <js>classpath:js/jquery.slideto.min.js</js>
        <js>classpath:js/jquery.wiggle.min.js</js>
        <js>classpath:js/jquery.ba-bbq.min.js</js>
        <js>classpath:js/handlebars-4.0.5.js</js>
        <js>classpath:js/lodash.min.js</js>
        <js>classpath:js/backbone-min.js</js>
        <js>classpath:js/swagger-ui.min.js</js>
        <js>classpath:js/highlight.9.1.0.pack.js</js>
        <js>classpath:js/highlight.9.1.0.pack_extended.js</js>
        <js>classpath:js/jsoneditor.min.js</js>
        <js>classpath:js/marked.js</js>
        <js>classpath:js/swagger-oauth.js</js>
    </group>

    <group name="chat">
        <group-ref>jquery</group-ref>
        <js>classpath:js/chat.js</js>
        <css>classpath:css/chat.css</css>
    </group>

    <group name="jquery">
        <js>classpath:js/jquery-1.8.0.min.js</js>
        <js>classpath:js/jquery.urldecoder.edited.js</js>
    </group>
</groups>